Timestamp,True_Value,Reconstructed_Value,Reconstruction_Error,Peak
30,-2.650636,-2.651061,0.00042510033,0
31,-0.6049778,-0.5985166,0.006461203,0
32,-2.209718,-2.213142,0.0034239292,0
33,-2.2404766,-2.2357824,0.0046942234,0
34,-6.7470694,-6.7751756,0.028106213,0
35,-0.5947249,-0.58757126,0.0071536303,0
36,-2.2609873,-2.2413983,0.019588947,0
37,-2.5019522,-2.5198028,0.017850637,0
38,-0.07690284,-0.11169205,0.034789212,0
39,-2.3225095,-2.3060246,0.016484976,0
40,-2.6250014,-2.6289794,0.003978014,0
41,-0.041015264,-0.06686004,0.025844779,0
42,-2.5993667,-2.6026142,0.0032474995,0
43,-1.461184,-1.4589729,0.002211094,0
44,-2.3891606,-2.3853593,0.0038013458,0
45,-2.5788562,-2.5732975,0.005558729,0
46,-1.5227063,-1.5322475,0.009541273,0
47,-2.199465,-2.1870298,0.012435198,0
48,-1.5637226,-1.5387852,0.024937391,0
49,30.905272,31.08308,0.17780876,1
50,-2.3378913,-2.349548,0.011656761,0
51,-2.7429218,-2.7460163,0.0030944347,0
52,-0.1025375,-0.12715021,0.02461271,0
53,-2.6044908,-2.6028624,0.0016283989,0
54,-0.041015264,-0.14554049,0.10452522,1
55,-0.7331559,-0.7299611,0.003194809,0
56,-1.1125469,-1.0889132,0.023633718,0
57,-0.6921395,-0.68990934,0.0022301674,0
58,-2.7993152,-2.810399,0.011083841,0
59,-1.317629,-1.3273231,0.009694099,0
60,-2.2250998,-2.229942,0.0048422813,0
61,-0.030762356,-0.09407538,0.06331302,0
62,-1.3535165,-1.3359429,0.017573595,0
63,-2.6711419,-2.6759603,0.0048184395,0
64,-2.2404766,-2.2526731,0.012196541,0
65,-1.4201676,-1.4058222,0.0143454075,0
66,-1.8559568,-1.8332877,0.022669077,0
67,-2.819826,-2.8081784,0.011647463,0
68,-2.2712402,-2.2726824,0.001442194,0
69,-1.6149919,-1.6032921,0.011699796,0
70,-0.7434088,-0.7161648,0.027243972,0
71,-1.2048327,-1.1816717,0.023160934,0
72,-2.3994136,-2.3995712,0.00015759468,0
73,-0.61523545,-0.5569319,0.058303535,0
74,-2.3430202,-2.3345866,0.00843358,0
75,-1.4406734,-1.4152489,0.02542448,0
76,-0.64087015,-0.63828665,0.0025835037,0
77,-0.020509446,-0.061979525,0.04147008,0
78,-2.650636,-2.649767,0.0008690357,0
79,-1.4816898,-1.473137,0.00855279,0
80,-2.4506829,-2.461738,0.011055231,0
81,-2.199465,-2.1901243,0.009340763,0
82,-2.2507296,-2.25221,0.001480341,0
83,-2.7582989,-2.7602758,0.0019769669,0
84,-0.65112305,-0.61124796,0.03987509,0
85,-0.73827994,-0.7239584,0.014321566,0
86,-2.3276384,-2.3234026,0.0042357445,0
87,-1.5944813,-1.5779392,0.016542196,0
88,-1.3842752,-1.3729956,0.011279583,0
89,-1.620116,-1.6130866,0.007029414,0
90,-2.5686033,-2.5722086,0.0036053658,0
91,-0.6049778,-0.60123384,0.0037439466,0
92,-0.65112305,-0.6503924,0.00073063374,0
93,-0.7126453,-0.69545364,0.017191648,0
94,-2.286622,-2.2782266,0.008395433,0
95,-1.4714369,-1.4585766,0.012860298,0
96,-2.230224,-2.2221868,0.00803709,0
97,1.1479912e-06,-0.033646733,0.03364788,0
98,-2.7941911,-2.7980115,0.0038204193,0
99,-0.7228982,-0.70887744,0.014020741,0
100,-1.476561,-1.4674255,0.009135485,0
101,-0.9433572,-0.9631181,0.019760847,0
102,-2.3737788,-2.369204,0.0045747757,0
103,-1.5175774,-1.5192297,0.0016522408,0
104,-2.2558584,-2.245639,0.010219336,0
105,-1.4201676,-1.40608,0.014087558,0
106,-1.4560552,-1.4391404,0.016914725,0
107,21.794676,21.991259,0.1965828,1
108,-1.8251933,-1.8103989,0.01479435,0
109,-2.2661114,-2.2578115,0.008299828,0
110,-1.6611325,-1.6946466,0.033514142,0
111,-2.1174324,-2.0950975,0.022334814,0
112,-0.6562519,-0.6659031,0.009651184,0
113,-2.5122051,-2.5045404,0.0076646805,0
114,-1.476561,-1.4849849,0.008423924,0
115,-0.6972683,-0.6903726,0.006895721,0
116,-0.6254884,-0.6269497,0.0014613271,0
117,-1.1843269,-1.1686013,0.015725613,0
118,-2.2968748,-2.2966886,0.00018620491,0
119,-2.230224,-2.2290728,0.0011510849,0
120,-1.5175774,-1.5036235,0.013953924,0
121,15.529543,15.832379,0.30283642,1
122,-1.1638163,-1.1367203,0.027096033,0
123,-2.3378913,-2.334448,0.0034432411,0
124,-2.0661628,-2.0583456,0.007817268,0
125,-0.6972683,-0.73163253,0.034364223,0
126,-0.6921395,-0.6834386,0.008700907,0
127,-2.5737321,-2.575881,0.0021488667,0
128,-2.358397,-2.3551977,0.003199339,0
129,-0.7792964,-0.7762687,0.0030276775,0
130,-0.7126453,-0.6944938,0.018151522,0
131,-0.62035954,-0.6506407,0.030281186,0
132,-1.3688983,-1.3684924,0.00040590763,0
133,-1.4714369,-1.4711026,0.00033426285,0
134,-0.07690284,-0.03102023,0.045882605,0
135,-2.3276384,-2.3171754,0.010462999,0
136,-0.16405971,-0.18472789,0.020668179,0
137,-2.2661114,-2.2569377,0.009173632,0
138,-2.1892073,-2.2043743,0.015166998,0
139,-1.4663081,-1.466117,0.00019109249,0
140,-2.4916992,-2.5039914,0.012292147,0
141,-0.07177877,-0.11478654,0.043007776,0
142,-2.732664,-2.7474632,0.014799118,0
143,-2.6403832,-2.6386402,0.0017430782,0
144,-2.8608422,-2.8665535,0.005711317,0
145,-1.6457506,-1.63109,0.014660597,0
146,-2.5480974,-2.5335515,0.0145459175,0
147,-1.0407718,-1.0422713,0.0014994144,0
148,-1.3381348,-1.3111248,0.027009964,0
149,-2.6198726,-2.6221838,0.0023112297,0
150,-2.4711885,-2.4828122,0.011623621,0
151,-2.3276384,-2.3218458,0.005792618,0
152,-0.71777415,-0.794086,0.07631183,0
153,-4.3322754,-4.3352604,0.0029850006,0
154,-2.7224112,-2.7295554,0.0071442127,0
155,-1.5278302,-1.5238619,0.003968358,0
156,-2.6250014,-2.636391,0.011389494,0
157,-2.6865237,-2.6914997,0.004976034,0
158,-1.5483409,-1.5361301,0.012210846,0
159,-1.4304205,-1.4033866,0.027033925,0
160,-2.2404766,-2.2270434,0.013433218,0
161,-0.7228982,-0.8333259,0.11042774,1
162,-2.804444,-2.8124285,0.0079844,0
163,-2.6301255,-2.627093,0.003032446,0
164,-2.358397,-2.334157,0.024240017,0
165,-0.64087015,-0.7086721,0.06780195,0
166,-2.6301255,-2.6136024,0.016523123,0
167,-2.44043,-2.4441547,0.0037248135,0
168,-0.7331559,-0.8967631,0.16360718,1
169,-1.6252449,-1.6103072,0.014937639,0
170,-2.3737788,-2.3945904,0.020811558,0
171,-1.5329591,-1.5214312,0.011527896,0
172,-1.8405751,-1.8210816,0.01949346,0
173,-2.3430202,-2.3262439,0.016776323,0
174,-2.3532732,-2.3622508,0.008977652,0
175,-2.3071277,-2.3035128,0.0036149025,0
176,-1.4304205,-1.416992,0.013428569,0
177,-0.5998537,-0.6175086,0.017654896,0
178,-0.58447194,-0.5888128,0.004340887,0
179,-2.3173807,-2.3133693,0.0040113926,0
180,-0.64599425,-0.6637064,0.017712176,0
181,1.1479912e-06,-0.03275372,0.03275487,0
182,-1.5688467,-1.6156605,0.046813846,0
183,-21.328125,-20.99315,0.3349743,1
184,-2.286622,-2.2918892,0.0052671432,0
185,-0.6665048,-0.65384984,0.01265496,0
186,-1.5944813,-1.5821607,0.012320638,0
187,-2.527587,-2.5130646,0.014522314,0
188,-1.538088,-1.5331119,0.004976034,0
189,-1.3791512,-1.3719403,0.00721097,0
190,-2.3225095,-2.3129203,0.009589195,0
191,-0.7844252,-0.764779,0.019646227,0
192,-1.4560552,-1.4382141,0.0178411,0
193,-2.3122566,-2.3099835,0.0022730827,0
194,-2.8557134,-2.8620408,0.0063273907,0
195,-0.61010665,-0.6102356,0.00012892485,0
196,-0.6562519,-0.6099825,0.046269417,0
197,-1.5944813,-1.581516,0.012965322,0
198,-2.3071277,-2.3067124,0.00041532516,0
199,-0.8100599,-0.84108603,0.031026125,0
200,-2.72754,-2.7157543,0.011785746,0
201,1.1479912e-06,0.025521196,0.025520049,0
202,-1.5483409,-1.5280643,0.020276666,0
203,-2.2456055,-2.2326307,0.012974739,0
204,-1.989259,-1.9615135,0.027745485,0
205,-2.1020505,-2.1285543,0.026503801,0
206,-0.62035954,-0.5696967,0.050662816,0
207,-1.476561,-1.4669719,0.009589076,0
208,-2.5788562,-2.60387,0.025013685,0
209,-2.5583503,-2.558226,0.00012421608,0
210,1.1479912e-06,-0.028250465,0.028251613,0
211,-0.58447194,-0.5465596,0.03791237,0
212,-0.71777415,-0.7182135,0.00043934584,0
213,-2.7685564,-2.7761111,0.0075547695,0
214,-2.660889,-2.666844,0.005954981,0
215,-0.65112305,-0.6241178,0.027005255,0
216,-1.5175774,-1.5084038,0.009173632,0
217,33.909664,32.13855,1.7711143,1
218,-0.020509446,-0.03814999,0.017640544,0
219,-0.7126453,-0.65568364,0.056961656,0
220,-0.79980695,-0.78752446,0.012282491,0
221,-2.7839382,-2.7899554,0.006017208,0
222,-1.6611325,-1.6754014,0.014268994,0
223,-2.286622,-2.2740529,0.012569189,0
224,-2.717287,-2.7249136,0.0076265335,0
225,-2.276369,-2.2667704,0.009598732,0
226,-2.2814932,-2.2756958,0.005797386,0
227,-0.70752126,-0.7066664,0.0008548498,0
228,-2.3481443,-2.332562,0.015582323,0
229,-2.5327156,-2.539129,0.00641346,0
230,-2.209718,-2.2000668,0.009651184,0
231,-2.527587,-2.5244207,0.0031661987,0
232,-2.4711885,-2.4551718,0.016016722,0
233,-2.2712402,-2.2638955,0.0073447227,0
234,-2.65576,-2.6524124,0.0033476353,0
235,-1.538088,-1.5378492,0.0002387762,0
236,-1.543212,-1.5275724,0.015639663,0
237,-0.6562519,-0.64326745,0.012984455,0
238,-0.72802705,-0.7137532,0.014273822,0
239,-1.4919428,-1.4767424,0.0152003765,0
240,-0.68701065,-0.6744321,0.012578547,0
241,-1.7585471,-1.7497792,0.008767843,0
242,-0.58447194,-0.5382455,0.04622644,0
243,-2.3327625,-2.315967,0.016795397,0
244,-2.737793,-2.7338293,0.003963709,0
245,-0.7895493,-0.7878683,0.0016809702,0
246,-1.9841301,-1.9690635,0.015066624,0
247,-0.046144105,-0.08086646,0.034722358,0
248,-2.4147952,-2.4125938,0.0022013187,0
249,-0.75879055,-0.75518984,0.0036007166,0
250,-1.3381348,-1.3321034,0.006031394,0
251,-0.6921395,-0.675688,0.016451478,0
252,-1.5073245,-1.4935759,0.013748527,0
253,-0.64087015,-0.64662457,0.005754411,0
254,-1.4714369,-1.4646271,0.0068097115,0
255,-2.2712402,-2.2662737,0.0049664974,0
256,-2.5942378,-2.5893764,0.004861355,0
257,-1.3483877,-1.3360384,0.012349367,0
258,-2.8249497,-2.8215544,0.003395319,0
259,-2.214842,-2.2070773,0.0077648163,0
260,-2.527587,-2.5495634,0.021976471,0
261,-1.4868139,-1.4880459,0.001232028,0
262,-1.461184,-1.4497181,0.011465907,0
263,-2.2917461,-2.2950602,0.0033140182,0
264,-2.5224628,-2.5243251,0.0018622875,0
265,-1.3791512,-1.3721217,0.0070295334,0
266,-2.2968748,-2.2838044,0.013070345,0
267,-1.5227063,-1.5097122,0.012994051,0
268,-0.6357413,-0.6307175,0.0050237775,0
269,-2.2507296,-2.244665,0.0060646534,0
270,-2.6865237,-2.6919293,0.0054056644,0
271,15.462893,15.317436,0.14545631,1
272,-1.1228046,-1.117671,0.005133629,0
273,-2.1840832,-2.1730042,0.011079073,0
274,-2.7531748,-2.7558298,0.0026550293,0
275,-2.2609873,-2.2603521,0.0006351471,0
276,-0.7126453,-0.7075833,0.005061984,0
277,-1.9021021,-1.8882484,0.013853669,0
278,-2.3173807,-2.3087945,0.008586168,0
279,-1.4970716,-1.4870096,0.010061979,0
280,-2.199465,-2.1732001,0.026264906,0
281,-0.7895493,-0.8085365,0.018987238,0
282,-2.4763174,-2.469799,0.006518364,0
283,-1.543212,-1.5342485,0.008963585,0
284,-1.538088,-1.5324863,0.0056016445,0
285,-2.72754,-2.7353623,0.007822275,0
286,-0.082031675,-0.08709366,0.005061984,0
287,-2.660889,-2.6621258,0.0012369156,0
288,-0.71777415,-0.7196557,0.0018815398,0
289,-2.44043,-2.445511,0.0050811768,0
290,1.1479912e-06,-0.026765296,0.026766444,0
291,-2.8095682,-2.8097067,0.0001385212,0
292,1.1479912e-06,-0.06497374,0.06497489,0
293,-2.3891606,-2.3697627,0.019397974,0
294,-0.2153338,-0.16158125,0.053752556,0
295,-2.737793,-2.7332275,0.0045654774,0
296,-2.1071794,-2.0857902,0.021389246,0
297,-1.4970716,-1.4470725,0.049999118,0
298,-2.7224112,-2.7257922,0.0033810139,0
299,-0.6254884,-0.60936165,0.016126752,0
300,-1.4868139,-1.4989293,0.012115359,0
301,-2.2609873,-2.2882504,0.027263165,0
302,-0.046144105,-0.088664785,0.04252068,0
303,-1.9379896,-1.9269105,0.011079073,0
304,-2.737793,-2.7532082,0.015415192,0
305,1.1479912e-06,-0.02709958,0.027100727,0
306,-1.4560552,-1.4473925,0.008662701,0
307,-1.4406734,-1.4431137,0.0024403334,0
308,-2.5686033,-2.55772,0.010883331,0
309,-2.286622,-2.2758102,0.010811806,0
310,-1.4714369,-1.4565041,0.014932752,0
311,1.1479912e-06,-0.10149644,0.10149759,1
312,-0.64087015,-0.6348483,0.0060218573,0
313,-2.3020036,-2.2968223,0.0051813126,0
314,-2.230224,-2.2200186,0.010205269,0
315,-2.286622,-2.276713,0.009909153,0
316,-1.1945798,-1.1609032,0.033676624,0
317,-0.6921395,-0.6434871,0.04865241,0
318,-2.214842,-2.226733,0.011890888,0
319,-1.4355494,-1.4360317,0.0004823208,0
320,-0.72802705,-0.7216327,0.0063943267,0
321,-2.4455588,-2.4364424,0.009116411,0
322,-0.025633514,-0.11610457,0.09047106,0
323,-2.2353528,-2.2108212,0.024531603,0
324,-2.2917461,-2.2827396,0.0090065,0
325,-0.661376,-0.6533532,0.008022785,0
326,-1.7175306,-1.7099233,0.007607341,0
327,-2.3122566,-2.305127,0.007129669,0
328,-2.3122566,-2.3217502,0.009493589,0
329,-0.64087015,-0.63744617,0.0034239888,0
330,-2.3173807,-2.3093102,0.008070469,0
331,-0.72802705,-0.7279124,0.00011461973,0
332,-0.7536617,-0.8332352,0.07957351,0
333,-1.399657,-1.3934537,0.006203294,0
334,-0.83569455,-0.83279103,0.002903521,0
335,-1.5842285,-1.5739373,0.010291219,0
336,-1.1433104,-1.1298723,0.013438106,0
337,-2.6967766,-2.6946084,0.0021681786,0
338,-1.0048842,-0.992215,0.012669265,0
339,-4.824463,-4.83654,0.012077332,0
340,-2.3225095,-2.317715,0.0047945976,0
341,-1.3330059,-1.3179632,0.015042663,0
342,-1.3637694,-1.3636023,0.00016713142,0
343,-2.3276384,-2.321263,0.006375313,0
344,-0.6921395,-0.68654263,0.005596876,0
345,-2.2609873,-2.2477067,0.01328063,0
346,-2.7429218,-2.746231,0.0033092499,0
347,-1.1843269,-1.1977841,0.013457179,0
348,-0.79980695,-0.7575919,0.04221505,0
349,-2.5327156,-2.531856,0.000859499,0
350,-2.0815446,-2.0681686,0.013375998,0
351,-1.6354978,-1.6248008,0.010697007,0
352,-2.5993667,-2.5985072,0.000859499,0
353,-1.4970716,-1.4843307,0.01274097,0
354,-0.5793479,-0.59743255,0.018084645,0
355,-0.7023924,-0.6560943,0.046298087,0
356,-0.64087015,-0.6299487,0.010921478,0
357,-2.2609873,-2.2343593,0.026628017,0
358,-2.1533198,-2.1449056,0.0084142685,0
359,1.1479912e-06,-0.051382784,0.05138393,0
360,-2.3481443,-2.3445292,0.003615141,0
361,-1.4509263,-1.4929122,0.04198587,0
362,-1.7790529,-1.760973,0.018079877,0
363,-1.4099098,-1.4273164,0.017406583,0
364,-2.6916478,-2.6976123,0.0059645176,0
365,-0.6254884,-0.6243327,0.0011556745,0
366,-2.2917461,-2.289196,0.0025501251,0
367,-2.2917461,-2.289984,0.0017621517,0
368,-0.7485329,-0.7563981,0.0078651905,0
369,-0.63061726,-0.63135266,0.0007354021,0
370,-1.4252917,-1.4245085,0.00078320503,0
371,-1.5175774,-1.5101659,0.00741148,0
372,-2.1687016,-2.1636252,0.0050764084,0
373,-1.399657,-1.3831148,0.016542196,0
374,-2.2712402,-2.2525108,0.018729448,0
375,-2.3020036,-2.2912207,0.010782957,0
376,-2.583985,-2.579792,0.0041930676,0
377,-1.476561,-1.473562,0.002998948,0
378,-2.3481443,-2.3569694,0.008825064,0
379,-0.7023924,-0.7112939,0.008901477,0
380,-1.6765141,-1.6540934,0.022420764,0
381,-2.717287,-2.7172537,3.33786e-05,0
382,1.1479912e-06,-0.047954004,0.04795515,0
383,-2.5686033,-2.563312,0.0052912235,0
384,-0.7434088,-0.7488242,0.00541538,0
385,-2.219971,-2.2137198,0.0062510967,0
386,-2.1174324,-2.1009903,0.01644206,0
387,-2.230224,-2.2195125,0.0107114315,0
388,-0.6049778,-0.61467195,0.009694159,0
389,-1.3022472,-1.2918032,0.010443926,0
390,-2.2814932,-2.2773004,0.004192829,0
391,-0.025633514,-0.012591735,0.0130417785,0
392,-2.2968748,-2.2893584,0.007516384,0
393,-2.3481443,-2.346535,0.0016093254,0
394,-0.83569455,-0.80136377,0.034330785,0
395,-2.1789546,-2.1738925,0.0050621033,0
396,-2.5788562,-2.574138,0.0047183037,0
397,1.1479912e-06,0.0794982,0.079497054,0
398,-1.476561,-1.4491403,0.02742064,0
399,-1.6611325,-1.6476609,0.013471603,0
400,-2.214842,-2.208529,0.0063130856,0
401,-1.9328609,-1.9391501,0.0062892437,0
402,-2.2045891,-2.1967573,0.007831812,0
403,-0.68188655,-0.6288551,0.053031445,0
404,-2.2250998,-2.2177122,0.007387638,0
405,-2.4147952,-2.4214618,0.0066666603,0
406,1.1479912e-06,0.02201601,0.022014862,0
407,-1.4868139,-1.4541688,0.032645106,0
408,-2.1635728,-2.155698,0.007874727,0
409,-2.5327156,-2.5289478,0.0037677288,0
410,-1.4406734,-1.4338301,0.0068432093,0
411,-0.6972683,-0.7448367,0.04756838,0
412,-1.4714369,-1.4279563,0.043480515,0
413,1.0407693,0.9193198,0.12144953,1
414,-2.4865704,-2.5009685,0.014398098,0
415,-1.4868139,-1.5043207,0.017506838,0
416,-2.2712402,-2.2636378,0.007602453,0
417,-2.3327625,-2.329305,0.0034575462,0
418,-2.5429685,-2.5331979,0.009770632,0
419,-2.7019055,-2.687875,0.014030457,0
420,-0.09741343,-0.14205441,0.04464098,0
421,-1.6149919,-1.6283871,0.01339519,0
422,-2.2661114,-2.2543304,0.011780977,0
423,-2.2404766,-2.2335474,0.006929159,0
424,-2.1943362,-2.173563,0.020773172,0
425,-2.3276384,-2.3096492,0.017989159,0
426,-2.6916478,-2.690769,0.0008788109,0
427,-2.2558584,-2.2534897,0.0023686886,0
428,-2.148191,-2.1537018,0.005510807,0
429,-2.2814932,-2.2703042,0.011188984,0
430,-1.543212,-1.5344777,0.008734345,0
431,-2.589109,-2.5869267,0.0021822453,0
432,-2.358397,-2.35004,0.008357048,0
433,-0.6254884,-0.62151045,0.0039779544,0
434,-2.3378913,-2.3306327,0.0072586536,0
435,-1.035643,-1.0194446,0.016198397,0
436,-0.6562519,-0.6943458,0.038093865,0
437,-1.6611325,-1.641725,0.01940751,0
438,-2.2609873,-2.2606196,0.00036764145,0
439,-1.5227063,-1.5301799,0.007473588,0
440,-2.219971,-2.1929944,0.026976585,0
441,-2.2814932,-2.2723958,0.009097338,0
442,-0.9125985,-0.8994517,0.013146818,0
443,1.1479912e-06,-0.047333196,0.047334343,0
444,-2.44043,-2.4347997,0.0056302547,0
445,-2.2609873,-2.228438,0.03254938,0
446,-2.3481443,-2.346234,0.0019102097,0
447,-2.7224112,-2.7501137,0.02770257,0
448,-2.1635728,-2.1495903,0.013982534,0
449,-2.6198726,-2.6336067,0.013734102,0
450,29.910645,30.553688,0.6430435,1
451,-1.461184,-1.4656109,0.004426837,0
452,-2.425048,-2.4103446,0.014703512,0
453,-2.199465,-2.1757789,0.02368617,0
454,-2.5942378,-2.6004841,0.0062463284,0
455,-2.199465,-2.1940737,0.0053913593,0
456,-1.6149919,-1.607165,0.007826924,0
457,-0.7844252,-0.7722191,0.012206078,0
458,-19.733643,-19.59707,0.13657188,1
459,-2.1892073,-2.1852055,0.004001856,0
460,-1.6508795,-1.6408558,0.010023713,0
461,-1.6406267,-1.6333727,0.0072540045,0
462,-3.0095212,-3.020228,0.010706663,0
463,-1.4970716,-1.4887193,0.00835228,0
464,-0.63061726,-0.6397241,0.009106815,0
465,-1.399657,-1.3927708,0.006886244,0
466,-1.4816898,-1.4492024,0.032487392,0
467,-1.8303221,-1.8140856,0.016236544,0
468,-1.5227063,-1.5150751,0.0076311827,0
469,-1.399657,-1.3917106,0.007946372,0
470,-1.4458022,-1.447531,0.0017287731,0
471,-2.583985,-2.568331,0.015654087,0
472,-2.4455588,-2.5322237,0.086664915,0
473,-1.8713386,-1.844639,0.026699662,0
474,-0.6716289,-0.65272284,0.018906057,0
475,-1.3688983,-1.3628381,0.0060601234,0
476,-0.507568,-0.50481254,0.0027554631,0
477,-1.4304205,-1.4124218,0.017998695,0
478,1.1479912e-06,-0.037514854,0.037516,0
479,-2.127685,-2.1139367,0.013748407,0
480,-1.4919428,-1.4880747,0.003868103,0
481,-1.5073245,-1.515013,0.0076885223,0
482,-1.4252917,-1.4195372,0.005754471,0
483,-1.4355494,-1.4283098,0.00723958,0
484,-1.9738772,-1.9599425,0.0139347315,0
485,-0.5998537,-0.5904126,0.009441078,0
486,-0.6049778,-0.5957468,0.009230971,0
487,-1.4252917,-1.4126987,0.012592912,0
488,-0.661376,-0.65333414,0.008041859,0
489,-1.6098632,-1.5764253,0.033437848,0
490,-2.2558584,-2.2476828,0.0081756115,0
491,-2.732664,-2.733094,0.0004298687,0
492,-1.4406734,-1.4313709,0.009302497,0
493,-2.7224112,-2.7237005,0.0012893677,0
494,-2.358397,-2.351253,0.0071439743,0
495,-2.0610342,-2.0469608,0.014073372,0
496,-1.476561,-1.4953954,0.018834472,0
497,-2.583985,-2.5813727,0.0026123524,0
498,-0.70752126,-0.7200234,0.012502134,0
499,-2.6352544,-2.6349964,0.0002579689,0
500,-2.2968748,-2.268733,0.028141737,0
501,-2.5583503,-2.556402,0.0019483566,0
502,-2.2507296,-2.2673388,0.016609192,0
503,-0.76391464,-0.8101649,0.046250284,0
504,-1.4560552,-1.4573876,0.0013324022,0
505,-2.1123035,-2.1014202,0.010883331,0
506,-2.419924,-2.4177322,0.002191782,0
507,-2.3430202,-2.3340137,0.0090065,0
508,-2.5122051,-2.510634,0.0015711784,0
509,-2.2917461,-2.2868464,0.00489974,0
510,-2.2507296,-2.2413125,0.009417057,0
511,-0.68188655,-0.68391615,0.0020295978,0
512,-0.7228982,-0.686046,0.03685218,0
513,-2.4916992,-2.497979,0.006279707,0
514,-2.0251465,-2.0438855,0.018738985,0
515,-2.5788562,-2.5738418,0.0050144196,0
516,-0.68188655,-0.67864406,0.0032424927,0
517,1.1479912e-06,-0.03871827,0.038719416,0
518,-0.661376,-0.64817184,0.013204157,0
519,-2.0866687,-2.0595584,0.027110338,0
520,-2.286622,-2.2689097,0.017712355,0
521,-2.3635259,-2.3587315,0.004794359,0
522,-2.3994136,-2.3784924,0.02092123,0
523,-20.74878,-20.446619,0.30216026,1
524,-0.6562519,-0.6537878,0.0024641156,0
525,-1.4919428,-1.4514898,0.040452957,0
526,-2.7070293,-2.7090542,0.002024889,0
527,-2.3891606,-2.3707511,0.01840949,0
528,-1.5175774,-1.4909781,0.026599288,0
529,-2.2456055,-2.2402189,0.005386591,0
530,-1.4868139,-1.492234,0.005420089,0
531,-2.3173807,-2.305189,0.012191772,0
532,-1.5996102,-1.5986313,0.0009789467,0
533,-1.5637226,-1.5716116,0.007889032,0
534,-1.4560552,-1.4463849,0.009670258,0
535,-1.3483877,-1.3354844,0.012903333,0
536,-0.5998537,-0.54972094,0.05013275,0
537,-2.748046,-2.756532,0.0084860325,0
538,-2.2917461,-2.2729404,0.018805742,0
539,-2.6044908,-2.5997632,0.004727602,0
540,-1.4868139,-1.4736575,0.013156414,0
541,-2.3737788,-2.3699872,0.0037915707,0
542,-1.6611325,-1.6826841,0.021551609,0
543,-0.65112305,-0.6453782,0.0057448745,0
544,-1.389404,-1.3800347,0.009369373,0
545,-0.22045788,-0.24580601,0.025348127,0
546,-1.476561,-1.4438872,0.032673717,0
547,-2.5942378,-2.587896,0.006341696,0
548,-2.2661114,-2.2574105,0.008700848,0
549,-1.4304205,-1.3899151,0.04050541,0
550,-2.2558584,-2.237048,0.01881051,0
551,-2.7019055,-2.703873,0.00196743,0
552,-2.72754,-2.7317472,0.0042071342,0
553,-2.209718,-2.2199948,0.010276794,0
554,-0.5947249,-0.6124991,0.017774224,0
555,-0.58447194,-0.57766694,0.0068050027,0
556,-1.3688983,-1.36652,0.0023782253,0
557,-0.6716289,-0.6857833,0.014154434,0
558,-2.2045891,-2.1966858,0.0079033375,0
559,1.1479912e-06,5.367803e-05,5.2530042e-05,0
560,-2.2250998,-2.2118573,0.013242483,0
561,-0.046144105,-0.107255645,0.06111154,0
562,-1.6149919,-1.594104,0.020887852,0
563,-2.6660178,-2.6711705,0.0051527023,0
564,-2.3276384,-2.3579242,0.030285835,0
565,-0.6716289,-0.67110837,0.00052052736,0
566,-1.553465,-1.5033847,0.0500803,0
567,-0.6562519,-0.6634342,0.0071823,0
568,-0.6716289,-0.6571688,0.014460087,0
569,-2.3020036,-2.294005,0.007998705,0
570,-0.051268175,-0.06539398,0.014125802,0
571,-2.527587,-2.5234418,0.0041451454,0
572,-1.4868139,-1.4812505,0.0055633783,0
573,-2.209718,-2.2035816,0.0061364174,0
574,-1.3535165,-1.3613673,0.007850885,0
575,-1.5278302,-1.5183176,0.009512663,0
576,-0.65112305,-0.65566933,0.0045462847,0
577,-1.6252449,-1.6108086,0.014436245,0
578,-1.09717,-1.0931443,0.0040256977,0
579,-2.5942378,-2.6111813,0.016943455,0
580,-2.496828,-2.4921005,0.004727602,0
581,-1.5124533,-1.4691828,0.04327047,0
582,-1.4201676,-1.4081764,0.011991143,0
583,-2.3122566,-2.283494,0.028762579,0
584,-1.389404,-1.3630769,0.026327133,0
585,-6.0651865,-6.092622,0.027435303,0
586,-0.68701065,-0.68064976,0.0063608885,0
587,-2.6967766,-2.6991692,0.0023925304,0
588,-1.5175774,-1.5015271,0.016050339,0
589,1.1479912e-06,0.03895456,0.038953412,0
590,-0.32299653,-0.35161585,0.02861932,0
591,-1.4355494,-1.4391835,0.0036340952,0
592,-2.36865,-2.3638268,0.004823208,0
593,-1.6098632,-1.5959952,0.013867974,0
594,-2.0866687,-2.0798447,0.0068240166,0
595,-2.7839382,-2.7848027,0.00086450577,0
596,-0.71777415,-0.7112939,0.0064802766,0
597,1.1479912e-06,-0.058364503,0.05836565,0
598,-1.6098632,-1.5619557,0.04790747,0
599,-1.4201676,-1.495787,0.07561946,0
600,-15.842286,-15.876932,0.034646034,0
601,-0.6665048,-0.72779304,0.061288238,0
602,-2.3327625,-2.3251743,0.007588148,0
603,-0.35376003,-0.3519931,0.0017669201,0
604,-2.5993667,-2.5953362,0.004030466,0
605,-2.276369,-2.2723482,0.0040209293,0
606,-2.4865704,-2.4889152,0.0023448467,0
607,-2.2814932,-2.2815409,4.7683716e-05,0
608,-2.276369,-2.2719517,0.0044174194,0
609,-1.7380364,-1.7160072,0.022029161,0
610,-2.7019055,-2.7033045,0.0013990402,0
611,-0.046144105,-0.054539364,0.008395258,0
612,-2.3122566,-2.3082547,0.004001856,0
613,-1.538088,-1.5162785,0.021809459,0
614,-1.4919428,-1.4767185,0.015224218,0
615,-0.025633514,-0.062022507,0.036388993,0
616,-2.0097647,-1.9999034,0.009861231,0
617,-0.70752126,-0.69885856,0.008662701,0
618,-2.7531748,-2.7791197,0.025944948,0
619,-2.2404766,-2.2343116,0.0061650276,0
620,-1.5227063,-1.5079167,0.014789581,0
621,-2.7224112,-2.7254817,0.0030705929,0
622,-2.4660647,-2.463486,0.0025787354,0
623,-0.73827994,-0.7280557,0.010224223,0
624,-0.64087015,-0.64240307,0.0015329123,0
625,-0.9433572,-0.94731134,0.0039541125,0
626,-0.061521083,-0.08292469,0.021403603,0
627,-0.79467815,-0.77855617,0.016121984,0
628,-2.6198726,-2.617461,0.002411604,0
629,-2.4558117,-2.4449046,0.010907173,0
630,-0.8715821,-0.87447125,0.0028891563,0
631,-2.5993667,-2.5980344,0.001332283,0
632,-2.4506829,-2.4506829,0.0,0
633,-2.2507296,-2.244808,0.0059216022,0
634,-0.7434088,-0.75363785,0.010229051,0
635,-1.543212,-1.5327108,0.0105012655,0
636,-2.645507,-2.6376133,0.007893801,0
637,-2.3122566,-2.2997737,0.012482882,0
638,-0.7228982,-0.703911,0.018987179,0
639,-2.7788093,-2.7789907,0.00018143654,0
640,-2.2609873,-2.2511642,0.009823084,0
641,-1.4816898,-1.4659977,0.015692115,0
642,-2.6711419,-2.6764426,0.0053007603,0
643,-12.70459,-12.723489,0.018898964,0
644,-2.2609873,-2.2539387,0.007048607,0
645,-2.7634275,-2.7567706,0.006656885,0
646,-2.2968748,-2.2967412,0.0001335144,0
647,-1.1535634,-1.15523,0.0016666651,0
648,-1.476561,-1.4711313,0.0054296255,0
649,-1.5278302,-1.5123817,0.01544857,0
650,-2.3635259,-2.3693328,0.005806923,0
651,-0.6562519,-0.658845,0.0025931,0
652,-0.6049778,-0.6565528,0.051575005,0
653,-0.61523545,-0.6286832,0.013447762,0
654,1.0305164,0.920719,0.10979736,1
655,-2.5686033,-2.56803,0.00057315826,0
656,-8.362061,-8.403289,0.041228294,0
657,-1.5021956,-1.4657446,0.036450982,0
658,-2.8352027,-2.8405943,0.0053915977,0
659,-2.143067,-2.118884,0.024182796,0
660,-2.6352544,-2.6484394,0.013185024,0
661,-2.3737788,-2.3644238,0.009355068,0
662,-20.661623,-20.389433,0.2721901,1
663,-0.61523545,-0.6050972,0.010138273,0
664,-1.5637226,-1.5508862,0.012836456,0
665,-2.2045891,-2.1926982,0.011890888,0
666,-1.4714369,-1.4841205,0.01268363,0
667,-2.1687016,-2.1674314,0.0012702942,0
668,-2.1738257,-2.1754158,0.0015900135,0
669,-1.4201676,-1.4298856,0.0097180605,0
670,-0.62035954,-0.6339696,0.013610065,0
671,-2.5224628,-2.5242298,0.0017669201,0
672,-1.5124533,-1.5202469,0.0077935457,0
673,-0.7536617,-0.8404891,0.0868274,0
674,-0.79467815,-0.7861969,0.008481264,0
675,-2.3737788,-2.369476,0.00430274,0
676,-1.0458959,-1.0290338,0.016862154,0
677,-2.2558584,-2.248337,0.007521391,0
678,-1.4560552,-1.4227082,0.03334701,0
679,-2.6096196,-2.6058567,0.0037629604,0
680,-1.5175774,-1.4922818,0.025295615,0
681,-1.389404,-1.4260653,0.036661267,0
682,-0.64599425,-0.5973036,0.048690617,0
683,-0.80493104,-0.79829794,0.006633103,0
684,-20.53345,-20.268923,0.26452637,1
685,-0.7434088,-0.7498461,0.0064373016,0
686,-1.5996102,-1.582939,0.01667118,0
687,-2.358397,-2.3512626,0.0071344376,0
688,-0.63061726,-0.6688209,0.038203657,0
689,-2.2814932,-2.2789478,0.0025453568,0
690,-0.14868274,-0.17111307,0.02243033,0
691,-0.8203128,-0.82252383,0.0022110343,0
692,-1.4816898,-1.5056674,0.023977637,0
693,1.1479912e-06,0.025014998,0.025013851,0
694,-0.035891198,-0.114500016,0.07860882,0
695,-2.2507296,-2.2432609,0.0074687004,0
696,-2.7788093,-2.7837186,0.004909277,0
697,-2.3481443,-2.3441424,0.004001856,0
698,-0.70752126,-0.709632,0.0021107197,0
699,-2.3430202,-2.341492,0.0015282631,0
700,-0.015380603,-0.06887529,0.053494688,0
701,-2.6044908,-2.622838,0.018347263,0
702,-2.7224112,-2.7258017,0.0033905506,0
703,-2.3122566,-2.3084555,0.0038011074,0
704,1.1479912e-06,-0.019382438,0.019383585,0
705,-2.7070293,-2.7092452,0.0022158623,0
706,-2.5122051,-2.5171812,0.004976034,0
707,-2.3532732,-2.3575613,0.0042881966,0
708,-2.2609873,-2.249999,0.0109882355,0
709,-2.3942847,-2.3977087,0.0034239292,0
710,-0.76391464,-0.7663071,0.0023924708,0
711,-2.650636,-2.653382,0.0027461052,0
712,-2.2507296,-2.2288723,0.021857262,0
713,-1.4919428,-1.487172,0.004770756,0
714,-1.4919428,-1.4784473,0.013495445,0
715,-2.3481443,-2.337175,0.0109694,0
716,-1.5278302,-1.5074582,0.020372033,0
717,-2.36865,-2.3637838,0.004866123,0
718,33.48413,32.039032,1.4450989,1
719,-0.96386784,-1.03911,0.0752421,0
720,-0.7126453,-0.71116966,0.0014756322,0
721,-0.80493104,-0.7980974,0.0068336725,0
722,-2.219971,-2.2098613,0.010109663,0
723,-1.3945329,-1.3760424,0.018490553,0
724,-1.6149919,-1.5981585,0.016833425,0
725,-1.5329591,-1.5160062,0.016952872,0
726,-2.5993667,-2.6006608,0.001294136,0
727,-1.399657,-1.3959751,0.0036818981,0
728,-2.209718,-2.1995654,0.010152578,0
729,-2.5686033,-2.5711055,0.002502203,0
730,-2.137938,-2.1245525,0.013385534,0
731,-2.2353528,-2.2172346,0.018118143,0
732,-0.26660314,-0.28706118,0.020458043,0
733,-0.83569455,-0.8288322,0.0068623424,0
734,-1.1381865,-1.1421405,0.003954053,0
735,-0.07690284,-0.09673531,0.019832477,0
736,-0.6562519,-0.6668964,0.0106444955,0
737,-2.6352544,-2.6330433,0.002211094,0
738,-0.7331559,-0.739512,0.00635612,0
739,-2.5429685,-2.5492148,0.0062463284,0
740,-1.5688467,-1.5632117,0.005635023,0
741,-1.317629,-1.312906,0.004722953,0
742,-1.5175774,-1.5172096,0.00036776066,0
743,-0.7023924,-0.6937154,0.008677006,0
744,-0.82543683,-0.78534687,0.040089965,0
745,-1.1228046,-1.1104457,0.012358904,0
746,-0.82543683,-0.84257597,0.017139137,0
747,-0.14355391,-0.16826212,0.024708211,0
748,-2.645507,-2.6437976,0.0017094612,0
749,-2.2558584,-2.258289,0.0024306774,0
750,-0.7434088,-0.7675822,0.024173379,0
751,-2.358397,-2.3566732,0.0017237663,0
752,-2.5737321,-2.5836315,0.009899378,0
753,-2.3481443,-2.3484402,0.00029587746,0
754,-2.4916992,-2.4949608,0.0032615662,0
755,-2.2456055,-2.2409973,0.0046081543,0
756,-0.5947249,-0.5507477,0.0439772,0
757,-0.061521083,-0.14574106,0.08421998,0
758,-2.4045424,-2.402914,0.0016283989,0
759,-2.2968748,-2.2921996,0.00467515,0
760,-2.6250014,-2.6381817,0.013180256,0
761,-1.5790997,-1.5604275,0.018672109,0
762,-1.5175774,-1.5271713,0.009593844,0
763,-1.4714369,-1.4763174,0.0048805475,0
764,-3.573484,-3.5840423,0.010558367,0
765,-2.583985,-2.5876813,0.0036962032,0
766,-2.645507,-2.646515,0.0010077953,0
767,-2.7941911,-2.7950985,0.0009074211,0
768,-0.75879055,-0.7490343,0.009756267,0
769,-2.2609873,-2.2383087,0.022678614,0
770,-0.061521083,-0.09137725,0.029856168,0
771,-2.3481443,-2.3387985,0.00934577,0
772,-1.3945329,-1.3858368,0.008696079,0
773,-2.527587,-2.5265028,0.0010840893,0
774,-2.358397,-2.348593,0.00980401,0
775,-1.4816898,-1.4680177,0.013672113,0
776,-2.7890623,-2.7928731,0.0038108826,0
777,15.601318,16.35477,0.7534523,1
778,-0.661376,-0.67239773,0.011021733,0
779,-1.5329591,-1.5079882,0.02497089,0
780,-12.740479,-12.7623205,0.02184105,0
781,-1.6662613,-1.655889,0.010372281,0
782,-1.6354978,-1.6220978,0.013399959,0
783,-1.5996102,-1.6131152,0.013504982,0
784,-2.2814932,-2.254741,0.026752234,0
785,-1.6149919,-1.5932206,0.021771312,0
786,-0.80493104,-0.79228085,0.012650192,0
787,-1.3381348,-1.3277959,0.0103389025,0
788,-2.2609873,-2.2561784,0.0048089027,0
789,-2.4916992,-2.4857395,0.005959749,0
790,-2.2712402,-2.2510114,0.020228863,0
791,-2.3122566,-2.304229,0.008027554,0
792,-2.127685,-2.1202116,0.007473469,0
793,-2.6967766,-2.6973543,0.0005776882,0
794,-2.3942847,-2.3967392,0.0024545193,0
795,-12.807129,-12.815235,0.008106232,0
796,-2.3378913,-2.3302505,0.0076408386,0
797,-0.06664992,-0.08972494,0.023075022,0
798,-0.7485329,-0.74399143,0.0045414567,0
799,-2.6198726,-2.6043522,0.015520334,0
800,-1.4868139,-1.4528317,0.033982158,0
801,-2.3020036,-2.2946544,0.0073492527,0
802,-0.70752126,-0.70207244,0.005448818,0
803,-2.2456055,-2.2340393,0.011566162,0
804,-2.3327625,-2.3273327,0.0054297447,0
805,-2.2609873,-2.2528596,0.008127689,0
806,-2.4558117,-2.4601097,0.0042979717,0
807,-2.3173807,-2.2984507,0.018929958,0
808,-1.4201676,-1.4132718,0.0068957806,0
809,-1.3945329,-1.3961518,0.0016188622,0
810,-0.09741343,-0.11617143,0.018757999,0
811,-1.6149919,-1.5943238,0.020668149,0
812,-2.2404766,-2.2586281,0.018151522,0
813,-1.5637226,-1.5458051,0.017917514,0
814,-0.035891198,-0.08182633,0.04593513,0
815,-2.2404766,-2.2291017,0.01137495,0
816,-0.7792964,-0.7637379,0.015558481,0
817,-2.214842,-2.2060885,0.008753538,0
818,-2.5327156,-2.5282507,0.0044648647,0
819,-1.4560552,-1.4122307,0.043824434,0
820,-2.5993667,-2.5994718,0.00010514259,0
821,1.1479912e-06,-0.05811618,0.058117326,0
822,-0.5896008,-0.58986825,0.00026744604,0
823,-1.5278302,-1.5201083,0.007721901,0
824,-2.7019055,-2.7040496,0.0021440983,0
825,-1.3586406,-1.368244,0.0096035,0
826,-2.5532215,-2.5278351,0.025386333,0
827,-2.4045424,-2.3956504,0.008892059,0
828,-2.2353528,-2.230902,0.004450798,0
829,-2.3071277,-2.301039,0.0060887337,0
830,-0.8972168,-0.8945186,0.002698183,0
831,-1.2868655,-1.2866553,0.00021016598,0
832,-0.6665048,-0.61638635,0.050118446,0
833,-2.148191,-2.1313622,0.016828775,0
834,-0.70752126,-0.7054821,0.0020391345,0
835,-1.4509263,-1.4500715,0.0008548498,0
836,-16.59082,-16.610468,0.019647598,0
837,-2.276369,-2.2743776,0.0019915104,0
838,-2.8403316,-2.8516638,0.0113322735,0
839,-1.1945798,-1.1729757,0.02160418,0
840,-1.4663081,-1.4738008,0.0074926615,0
841,-1.3945329,-1.4033197,0.0087867975,0
842,-0.035891198,-0.06457738,0.02868618,0
843,-0.09228458,-0.107207894,0.014923312,0
844,-2.4147952,-2.409122,0.00567317,0
845,-0.082031675,-0.12464309,0.042611413,0
846,-2.8249497,-2.844262,0.019312143,0
847,-1.5842285,-1.5784931,0.0057353973,0
848,-0.23583964,-0.29209453,0.056254894,0
849,-1.4970716,-1.4818236,0.01524806,0
850,-0.68701065,-0.690874,0.0038633347,0
851,-0.6562519,-0.64684904,0.009402871,0
852,-0.79467815,-0.78572893,0.00894922,0
853,-1.4406734,-1.4273738,0.013299584,0
854,-2.4916992,-2.4851952,0.006504059,0
855,-1.317629,-1.2807051,0.036923885,0
856,-1.3945329,-1.3853974,0.009135485,0
857,34.668457,32.298637,2.3698196,1
858,-0.7434088,-0.72174734,0.02166146,0
859,-0.7331559,-0.7341014,0.0009455085,0
860,-2.4045424,-2.4056551,0.0011126995,0
861,-1.6611325,-1.6555022,0.0056302547,0
862,-5.3371587,-5.352132,0.014973164,0
863,-1.6611325,-1.6577036,0.0034288168,0
864,-1.4201676,-1.4176652,0.0025023222,0
865,-0.5947249,-0.63907456,0.04434967,0
866,-1.4047859,-1.4152011,0.010415196,0
867,-1.7482893,-1.7275304,0.020758986,0
868,-0.07177877,-0.03192279,0.039855976,0
869,-2.286622,-2.2699795,0.01664257,0
870,-1.6611325,-1.6734388,0.012306333,0
871,-0.93310434,-0.9197522,0.013352156,0
872,-0.63061726,-0.6285017,0.0021155477,0
873,-2.0405283,-2.0405903,6.198883e-05,0
874,-1.4201676,-1.4100198,0.01014781,0
875,-2.4455588,-2.4457688,0.00021004677,0
876,-20.697512,-20.339167,0.35834503,1
877,-2.1584487,-2.123244,0.03520465,0
878,-1.317629,-1.3195583,0.0019292831,0
879,-1.9072261,-1.9091363,0.0019102097,0
880,-1.3842752,-1.3860326,0.0017573833,0
881,-0.68188655,-0.7241542,0.04226762,0
882,-1.4509263,-1.4370488,0.013877511,0
883,-0.61010665,-0.59187394,0.018232703,0
884,-1.4509263,-1.4488013,0.0021250248,0
885,-2.1635728,-2.1525462,0.011026621,0
886,-1.4201676,-1.4058365,0.014331102,0
887,-2.517334,-2.519034,0.0016999245,0
888,-1.2150904,-1.2052864,0.00980401,0
889,-0.035891198,-0.06733759,0.03144639,0
890,-1.5329591,-1.5206002,0.012358904,0
891,-1.5073245,-1.4961642,0.0111602545,0
892,-2.3891606,-2.3794138,0.00974679,0
893,-2.2507296,-2.2438385,0.006891012,0
894,-1.4047859,-1.3686452,0.03614068,0
895,-1.3740224,-1.3645478,0.009474516,0
896,-2.286622,-2.2748935,0.011728525,0
897,-2.2712402,-2.2659252,0.0053150654,0
898,-2.2712402,-2.2634323,0.00780797,0
899,-2.1687016,-2.1613092,0.0073924065,0
900,-0.7228982,-0.71933573,0.0035624504,0
901,-0.81518394,-0.7700654,0.04511851,0
902,-0.8972168,-0.9733901,0.076173306,0
903,-1.8867203,-1.8703166,0.016403675,0
904,-2.276369,-2.2724102,0.0039589405,0
905,-0.61010665,-0.61410844,0.0040017962,0
906,-0.6357413,-0.6342466,0.0014947057,0
907,-2.3225095,-2.3155708,0.006938696,0
908,-2.2558584,-2.2370956,0.018762827,0
909,-2.137938,-2.118311,0.019627094,0
910,-2.209718,-2.2027602,0.0069577694,0
911,-0.12304809,-0.20177628,0.07872819,0
912,-1.4406734,-1.4043179,0.036355495,0
913,-0.64599425,-0.6419637,0.0040305257,0
914,-2.199465,-2.2012942,0.0018291473,0
915,-2.0661628,-2.043045,0.02311778,0
916,-1.5688467,-1.5298073,0.039039373,0
917,-2.3481443,-2.3421652,0.005979061,0
918,-0.80493104,-0.8417212,0.036790133,0
919,-2.5993667,-2.6036932,0.004326582,0
920,-1.538088,-1.5003715,0.037716508,0
921,-0.056397017,-0.08562759,0.029230576,0
922,-2.8300786,-2.8579483,0.027869701,0
923,-0.82543683,-0.8277243,0.0022874475,0
924,-2.7070293,-2.712588,0.005558729,0
925,-0.6254884,-0.61679226,0.008696139,0
926,-1.5073245,-1.50072,0.006604433,0
927,-2.286622,-2.2981594,0.011537313,0
928,-0.73827994,-0.6973209,0.04095906,0
929,-11.69458,-11.72209,0.02750969,0
930,-1.5996102,-1.5784358,0.02117443,0
931,-0.61523545,-0.6186165,0.0033810735,0
932,-2.36865,-2.361019,0.0076310635,0
933,-2.4763174,-2.4739347,0.0023827553,0
934,-2.230224,-2.2195792,0.010644674,0
935,-2.286622,-2.261909,0.02471304,0
936,-2.6967766,-2.7039206,0.0071439743,0
937,-0.8972168,-0.9202249,0.023008108,0
938,-0.7895493,-0.7872571,0.0022922158,0
939,-1.4816898,-1.5547639,0.0730741,0
940,-0.9125985,-0.9425836,0.02998513,0
941,-1.8918444,-1.89885,0.0070055723,0
942,-1.4047859,-1.3981289,0.0066570044,0
943,-0.68701065,-0.667011,0.019999623,0
944,-2.209718,-2.2014613,0.008256674,0
945,-2.3071277,-2.309205,0.002077341,0
946,-1.5175774,-1.5121143,0.0054631233,0
947,-2.2712402,-2.2562883,0.014951944,0
948,-0.61523545,-0.7806574,0.16542196,1
949,-2.358397,-2.3536026,0.004794359,0
950,-2.6352544,-2.6329095,0.0023448467,0
951,-1.4458022,-1.4390928,0.0067094564,0
952,-2.589109,-2.5979388,0.008829832,0
953,-1.4252917,-1.4279134,0.00262177,0
954,-2.6660178,-2.664079,0.0019388199,0
955,-2.737793,-2.7447317,0.006938696,0
956,-1.461184,-1.4612031,1.9073486e-05,0
957,-1.5329591,-1.5181409,0.0148181915,0
958,-0.79980695,-0.7930879,0.006719053,0
959,-0.65112305,-0.65966636,0.008543313,0
960,-1.4047859,-1.4121305,0.0073446035,0
961,-0.09228458,-0.12736033,0.035075746,0
962,-1.4919428,-1.4890822,0.002860546,0
963,-2.7531748,-2.7550945,0.0019197464,0
964,-0.7536617,-0.772563,0.018901289,0
965,-2.276369,-2.270906,0.0054631233,0
966,-0.61523545,-0.6225419,0.0073064566,0
967,1.1479912e-06,-0.012859161,0.012860309,0
968,-2.3532732,-2.3490515,0.004221678,0
969,-0.7126453,-0.707058,0.00558728,0
970,-2.6711419,-2.6689787,0.0021631718,0
971,-2.1789546,-2.1746135,0.0043411255,0
972,-1.3022472,-1.3263012,0.02405405,0
973,-0.72802705,-0.7322963,0.0042692423,0
974,-0.046144105,-0.050265327,0.0041212216,0
975,-2.6813948,-2.6804206,0.0009741783,0
976,-2.2404766,-2.2352333,0.0052433014,0
977,-0.6921395,-0.7346888,0.042549312,0
978,-2.5634792,-2.5621037,0.0013754368,0
979,-1.4663081,-1.4872867,0.02097857,0
980,-1.4509263,-1.4330566,0.01786971,0
981,-0.7792964,-0.7719852,0.007311225,0
982,-1.912355,-1.9014049,0.0109500885,0
983,-1.5585938,-1.5483981,0.010195613,0
984,-1.3740224,-1.3617446,0.012277722,0
985,-2.3071277,-2.288322,0.018805742,0
986,-2.4147952,-2.415865,0.0010697842,0
987,-0.58447194,-0.6133014,0.028829455,0
988,-0.82543683,-0.838918,0.01348114,0
989,-0.5998537,-0.6655354,0.065681696,0
990,-0.7023924,-0.70313734,0.00074493885,0
991,-2.7429218,-2.746723,0.0038011074,0
992,-1.6252449,-1.61195,0.013294816,0
993,-2.2045891,-2.185812,0.018777132,0
994,31.828125,31.482214,0.34591103,1
995,-1.8046875,-1.7875245,0.017163038,0
996,-0.65112305,-0.63902205,0.012100995,0
997,-0.7844252,-0.7382991,0.046126127,0
998,-2.5788562,-2.5753891,0.003467083,0
999,-1.5227063,-1.5102662,0.012440085,0
1000,-1.4868139,-1.4821864,0.004627466,0
1001,-1.4868139,-1.4897078,0.0028939247,0
1002,-1.3432636,-1.3067696,0.036494017,0
1003,-1.1638163,-1.1534439,0.0103724,0
1004,-2.3481443,-2.3439848,0.0041594505,0
1005,-2.8095682,-2.8010247,0.008543491,0
1006,1.1479912e-06,-0.035184428,0.035185575,0
1007,-2.4045424,-2.404184,0.00035834312,0
1008,-1.6354978,-1.6037171,0.03178072,0
1009,-2.2250998,-2.1935914,0.031508446,0
1010,-1.4355494,-1.4274502,0.008099198,0
1011,-2.7941911,-2.7933602,0.00083088875,0
1012,-0.7895493,-0.7865598,0.002989471,0
1013,-2.3276384,-2.3246489,0.0029895306,0
1014,-0.61010665,-0.6035977,0.0065089464,0
1015,-0.75879055,-0.7514316,0.0073589683,0
1016,-0.7485329,-0.7547696,0.006236732,0
1017,-2.2968748,-2.2762687,0.020606041,0
1018,-0.046144105,-0.07164505,0.025500946,0
1019,-1.5124533,-1.5254378,0.012984514,0
1020,1.1479912e-06,-0.048995055,0.048996203,0
1021,-2.645507,-2.6409943,0.004512787,0
1022,-2.3071277,-2.2982836,0.008844137,0
1023,-0.07177877,-0.104982525,0.03320376,0
1024,-1.8251933,-1.8068508,0.018342495,0
1025,-2.3481443,-2.3475091,0.0006351471,0
1026,-1.6457506,-1.6259612,0.019789457,0
1027,-2.7685564,-2.78007,0.01151371,0
1028,-2.148191,-2.135111,0.013079882,0
1029,-8.013428,-8.052461,0.039032936,0
1030,-2.4506829,-2.4494507,0.0012321472,0
1031,-0.6357413,-0.65298074,0.017239451,0
1032,-0.6972683,-0.68565917,0.011609137,0
1033,-0.68188655,-0.6929036,0.0110170245,0
1034,-2.3942847,-2.4013858,0.007101059,0
1035,28.869871,29.876284,1.0064125,1
1036,-1.4355494,-1.4607208,0.0251714,0
1037,-0.7331559,-0.7282706,0.004885316,0
1038,-0.025633514,-0.07675002,0.051116504,0
1039,-2.3789077,-2.3839936,0.005085945,0
1040,-1.5073245,-1.4685907,0.03873372,0
1041,1.1479912e-06,-0.063756,0.063757144,0
1042,-2.1943362,-2.1910746,0.0032615662,0
1043,-2.3430202,-2.3363392,0.0066809654,0
1044,-1.5124533,-1.49902,0.013433337,0
1045,-2.6660178,-2.6660368,1.9073486e-05,0
1046,-0.6972683,-0.697297,2.8669834e-05,0
1047,-2.7941911,-2.8054373,0.011246204,0
1048,-0.6921395,-0.71024805,0.018108547,0
1049,-1.5227063,-1.511866,0.010840297,0
1050,-1.389404,-1.378879,0.010525107,0
1051,-1.630369,-1.6260471,0.0043218136,0
1052,-0.45629865,-0.5227874,0.06648874,0
1053,-1.317629,-1.2920659,0.02556312,0
1054,-2.589109,-2.5872228,0.0018861294,0
1055,-0.6716289,-0.6683911,0.003237784,0
1056,-2.3327625,-2.3303938,0.0023686886,0
1057,-2.3840318,-2.3810184,0.0030133724,0
1058,-1.989259,-2.0366364,0.047377348,0
1059,-2.3020036,-2.2796736,0.022330046,0
1060,-1.6047343,-1.5881252,0.016609073,0
1061,-1.6457506,-1.6300251,0.015725493,0
1062,-2.2404766,-2.2500086,0.009531975,0
1063,-1.4458022,-1.4434097,0.0023925304,0
1064,-0.7126453,-0.7169432,0.004297912,0
1065,-1.4816898,-1.4314138,0.05027604,0
1066,-0.71777415,-0.70421183,0.013562322,0
1067,-2.5737321,-2.5718029,0.0019292831,0
1068,-1.630369,-1.6183348,0.012034178,0
1069,-2.748046,-2.747019,0.0010268688,0
1070,-2.5583503,-2.567032,0.008681774,0
1071,-0.61010665,-0.6122508,0.002144158,0
1072,-2.7429218,-2.7478788,0.0049569607,0
1073,-1.461184,-1.4482998,0.012884259,0
1074,-2.732664,-2.7329698,0.00030565262,0
1075,-2.7531748,-2.756871,0.0036962032,0
1076,-2.517334,-2.5172622,7.176399e-05,0
1077,-0.79980695,-0.788279,0.0115279555,0
1078,-0.62035954,-0.60764724,0.0127123,0
1079,-0.6049778,-0.59477264,0.01020515,0
1080,-0.6716289,-0.64739823,0.024230659,0
1081,-1.989259,-1.9716136,0.017645359,0
1082,-0.68701065,-0.67767465,0.009335995,0
1083,-2.209718,-2.2025309,0.007187128,0
1084,-2.230224,-2.2241924,0.006031513,0
1085,-0.61010665,-0.6032204,0.006886244,0
1086,-2.2917461,-2.278876,0.012870073,0
1087,-1.4919428,-1.4779172,0.014025569,0
1088,27.680418,28.937296,1.2568779,1
1089,-2.1789546,-2.1709747,0.00797987,0
1090,-2.5737321,-2.568398,0.005334139,0
1091,-0.15380682,-0.18037269,0.026565865,0
1092,-2.2558584,-2.256527,0.0006685257,0
1093,-0.020509446,-0.06994022,0.049430773,0
1094,-1.4304205,-1.4204254,0.009995103,0
1095,-2.425048,-2.4219632,0.003084898,0
1096,-0.8100599,-0.8581535,0.048093617,0
1097,-0.6665048,-0.66117543,0.0053293705,0
1098,-1.553465,-1.5508575,0.0026074648,0
1099,-0.95361495,-0.9650283,0.011413336,0
1100,-2.5634792,-2.5517745,0.011704683,0
1101,-0.73827994,-0.7401567,0.0018767715,0
1102,-0.958739,-0.9508786,0.0078603625,0
1103,-1.4714369,-1.456079,0.015357852,0
1104,-0.9382332,-0.99591595,0.057682753,0
1105,-1.4201676,-1.4151294,0.005038142,0
1106,-2.660889,-2.6602204,0.0006685257,0
1107,-2.143067,-2.1324272,0.0106396675,0
1108,-2.3378913,-2.3180778,0.019813538,0
1109,-0.6716289,-0.68671936,0.015090466,0
1110,-2.2917461,-2.2895446,0.0022015572,0
1111,-2.143067,-2.1314769,0.011590004,0
1112,-0.6254884,-0.6251159,0.00037252903,0
1113,-1.6611325,-1.6624552,0.0013227463,0
1114,-2.2045891,-2.1925693,0.012019873,0
1115,-2.2404766,-2.2277453,0.012731314,0
1116,-1.4355494,-1.3949484,0.040601015,0
1117,-0.6921395,-0.6779994,0.014140129,0
1118,-0.7844252,-0.76601106,0.01841414,0
1119,-2.3430202,-2.3432016,0.00018143654,0
1120,-1.6098632,-1.565819,0.044044137,0
1121,-2.4147952,-2.4070733,0.007721901,0
1122,-2.3481443,-2.3421128,0.006031513,0
1123,-2.737793,-2.7376735,0.00011944771,0
1124,-1.5175774,-1.5207578,0.0031803846,0
1125,-1.5585938,-1.5230215,0.03557229,0
1126,-2.6198726,-2.621181,0.0013084412,0
1127,-0.5998537,-0.6074515,0.007597804,0
1128,-2.1789546,-2.1975691,0.01861453,0
1129,-2.8249497,-2.8279583,0.003008604,0
1130,-0.030762356,-0.122546665,0.09178431,1
1131,-1.4919428,-1.4879695,0.0039732456,0
1132,-2.3789077,-2.3624706,0.016437054,0
1133,-1.5688467,-1.525815,0.043031693,0
1134,-2.8249497,-2.8322182,0.007268429,0
1135,1.1479912e-06,-0.031707898,0.031709045,0
1136,-2.6096196,-2.6058614,0.003758192,0
1137,-2.645507,-2.6483867,0.0028796196,0
1138,-2.2968748,-2.2934556,0.0034191608,0
1139,-2.1635728,-2.1583436,0.0052292347,0
1140,-2.5788562,-2.5768838,0.001972437,0
1141,-0.09741343,-0.12740809,0.02999466,0
1142,-0.11279518,-0.16533476,0.05253958,0
1143,-1.8149405,-1.7790576,0.03588283,0
1144,-0.64087015,-0.5906705,0.050199628,0
1145,-1.4868139,-1.5024201,0.015606165,0
1146,-2.5788562,-2.5787416,0.00011467934,0
1147,-1.7431653,-1.7311311,0.012034178,0
1148,-1.6713853,-1.6881902,0.016804934,0
1149,-2.2609873,-2.2506104,0.01037693,0
1150,-0.8715821,-0.8587409,0.012841165,0
1151,-2.2661114,-2.2593398,0.0067715645,0
1152,-1.5842285,-1.5631257,0.021102786,0
1153,-2.6250014,-2.6313145,0.0063130856,0
1154,-0.661376,-0.6673023,0.005926311,0
1155,-2.2045891,-2.1817338,0.022855282,0
1156,1.1479912e-06,-0.10762335,0.1076245,1
1157,-0.661376,-0.6485443,0.012831688,0
1158,-0.5947249,-0.5893286,0.0053963065,0
1159,-0.5947249,-0.60785264,0.013127744,0
1160,-0.71777415,-0.7126644,0.0051097274,0
1161,-1.4509263,-1.4460124,0.004913926,0
1162,-2.3942847,-2.3868253,0.007459402,0
1163,-0.6562519,-0.6906591,0.0344072,0
1164,-1.476561,-1.5014459,0.02488494,0
1165,-2.214842,-2.2030084,0.011833668,0
1166,-1.5073245,-1.4921863,0.015138149,0
1167,-1.1176758,-1.1096865,0.007989287,0
1168,-2.2917461,-2.2631602,0.02858591,0
1169,-2.3225095,-2.3224761,3.33786e-05,0
1170,-0.6254884,-0.62009686,0.005391538,0
1171,-2.717287,-2.7333565,0.016069412,0
1172,-2.3481443,-2.3661573,0.018013,0
1173,-1.4047859,-1.419012,0.014226079,0
1174,-1.4150387,-1.4217626,0.006723881,0
1175,-1.476561,-1.4685096,0.008051395,0
1176,-1.3586406,-1.3476905,0.0109500885,0
1177,-0.83569455,-0.8301598,0.005534768,0
1178,-2.7890623,-2.797295,0.008232832,0
1179,-1.3791512,-1.3729526,0.0061986446,0
1180,-2.5429685,-2.5391579,0.0038106441,0
1181,-2.2661114,-2.26731,0.0011985302,0
1182,17.734129,17.575277,0.15885162,1
1183,-1.6406267,-1.5990181,0.041608572,0
1184,-1.4304205,-1.399872,0.030548573,0
1185,-0.020509446,-0.05055663,0.030047184,0
1186,-1.3842752,-1.3689842,0.015290976,0
1187,-0.62035954,-0.61451435,0.005845189,0
1188,-0.8203128,-0.81444377,0.005869031,0
1189,-1.6611325,-1.6374748,0.02365768,0
1190,-0.6562519,-0.6566196,0.00036770105,0
1191,-0.020509446,-0.03469256,0.014183113,0
1192,-0.030762356,0.0043993453,0.0351617,0
1193,-2.2353528,-2.2265563,0.0087964535,0
1194,-1.5175774,-1.5198743,0.0022969246,0
1195,-2.2712402,-2.2905474,0.019307137,0
1196,-1.476561,-1.4593502,0.017210722,0
1197,-1.4816898,-1.477731,0.0039588213,0
1198,-2.6352544,-2.6348722,0.00038218498,0
1199,-2.527587,-2.5481882,0.020601273,0
1200,-1.5329591,-1.5221428,0.010816336,0
1201,-1.2048327,-1.194384,0.010448694,0
1202,-2.3532732,-2.347829,0.00544405,0
1203,-2.72754,-2.7311504,0.0036103725,0
1204,-0.65112305,-0.68977565,0.0386526,0
1205,-1.461184,-1.4381186,0.023065448,0
1206,-2.5532215,-2.5566168,0.003395319,0
1207,-2.7429218,-2.744961,0.002039194,0
1208,-1.6611325,-1.7143358,0.053203344,0
1209,-1.5124533,-1.496551,0.01590228,0
1210,3.9016128,3.6370523,0.26456046,1
1211,-1.4150387,-1.3993657,0.015673041,0
1212,-0.80493104,-0.80060446,0.004326582,0
1213,-2.0764158,-2.0724092,0.004006624,0
1214,-2.5942378,-2.5780108,0.016227007,0
1215,-0.57421905,-0.5741188,0.00010025501,0
1216,-2.7019055,-2.7058022,0.0038967133,0
1217,-2.4045424,-2.397957,0.0065853596,0
1218,-2.2814932,-2.2730072,0.0084860325,0
1219,-0.64599425,-0.6441366,0.0018576384,0
1220,-2.4045424,-2.4004116,0.0041308403,0
1221,-1.7226547,-1.7044172,0.018237472,0
1222,-0.6254884,-0.5752458,0.050242603,0
1223,-0.80493104,-0.842022,0.037090957,0
1224,-2.2968748,-2.2876534,0.009221315,0
1225,-2.199465,-2.1844273,0.015037775,0
1226,-0.7126453,-0.6648,0.047845304,0
1227,-2.2917461,-2.2849936,0.006752491,0
1228,-1.4304205,-1.3919542,0.038466334,0
1229,-1.835451,-1.8243815,0.011069536,0
1230,-0.020509446,-0.043531932,0.023022486,0
1231,-2.6660178,-2.6720731,0.006055355,0
1232,-0.79467815,-0.7858388,0.008839369,0
1233,-0.73827994,-0.7199709,0.018309057,0
1234,-1.3842752,-1.3712573,0.013017893,0
1235,-1.3278818,-1.3244101,0.0034717321,0
1236,-2.3737788,-2.3821263,0.008347511,0
1237,-1.763671,-1.7480983,0.015572786,0
1238,-2.4096665,-2.404571,0.005095482,0
1239,-1.5278302,-1.5137093,0.014120936,0
1240,-2.36865,-2.3543284,0.014321566,0
1241,-1.6713853,-1.659695,0.011690259,0
1242,-1.4150387,-1.3816965,0.033342242,0
1243,-0.09228458,-0.108740814,0.016456231,0
1244,-1.5585938,-1.5484555,0.010138273,0
1245,-1.4509263,-1.4544315,0.00350523,0
1246,-1.4868139,-1.4692354,0.017578483,0
1247,-1.9533666,-1.91682,0.036546588,0
1248,-0.7023924,-0.69950324,0.0028891563,0
1249,-1.389404,-1.3868731,0.0025309324,0
1250,-2.05591,-2.046087,0.009823084,0
1251,-1.4970716,-1.474541,0.022530675,0
1252,-0.06664992,-0.09516896,0.028519042,0
1253,0.046141624,0.013482267,0.03265936,0
1254,-1.7021488,-1.6902627,0.01188612,0
1255,-2.2968748,-2.2956762,0.0011985302,0
1256,-9.336183,-9.381398,0.045215607,0
1257,-2.5532215,-2.5589998,0.0057783127,0
1258,-2.6198726,-2.6195717,0.00030088425,0
1259,-2.3122566,-2.3108525,0.001404047,0
1260,-2.4096665,-2.4007602,0.008906364,0
1261,-2.645507,-2.6414576,0.0040495396,0
1262,-2.4096665,-2.4029713,0.0066952705,0
1263,-0.62035954,-0.61922777,0.001131773,0
1264,-2.199465,-2.1891978,0.010267258,0
1265,-1.553465,-1.5335656,0.019899368,0
1266,-2.6096196,-2.605193,0.0044267178,0
1267,-0.71777415,-0.7173157,0.00045847893,0
1268,-2.4096665,-2.411615,0.0019483566,0
1269,-1.6713853,-1.6412379,0.030147433,0
1270,-2.4558117,-2.4347425,0.021069288,0
1271,1.1479912e-06,-0.04885179,0.04885294,0
1272,-2.5942378,-2.5936458,0.00059199333,0
1273,-0.6716289,-0.6827605,0.011131585,0
1274,-2.3891606,-2.3685927,0.020567894,0
1275,-1.543212,-1.530901,0.012311101,0
1276,-2.496828,-2.4900756,0.006752491,0
1277,-2.4045424,-2.3933344,0.011208057,0
1278,-2.732664,-2.740004,0.0073399544,0
1279,-1.5944813,-1.5716116,0.022869706,0
1280,-0.62035954,-0.55987835,0.06048119,0
1281,-2.2250998,-2.2398367,0.014736891,0
1282,1.1479912e-06,-0.028068997,0.028070144,0
1283,-0.9792496,-0.9706633,0.0085862875,0
1284,-2.4045424,-2.3842514,0.02029109,0
1285,-2.8300786,-2.834644,0.0045654774,0
1286,-2.276369,-2.2691152,0.0072538853,0
1287,-2.230224,-2.2394452,0.009221315,0
1288,-2.3635259,-2.3753786,0.011852741,0
1289,-2.3225095,-2.3165402,0.005969286,0
1290,-0.64087015,-0.6298484,0.011021733,0
1291,1.1479912e-06,-0.20440279,0.20440394,1
1292,-2.36865,-2.3536313,0.015018702,0
1293,-2.199465,-2.1871443,0.012320757,0
1294,-0.68188655,-0.66804254,0.013844013,0
1295,-0.035891198,-0.13151975,0.09562855,1
1296,-0.6562519,-0.76753443,0.11128253,1
1297,-0.5998537,-0.5952358,0.00461787,0
1298,-2.5788562,-2.5808952,0.0020389557,0
1299,-2.5788562,-2.5796154,0.00075912476,0
1300,-2.276369,-2.2738428,0.0025262833,0
1301,-2.1943362,-2.1861272,0.00820899,0
1302,-2.7429218,-2.746021,0.003099203,0
1303,-0.5998537,-0.59846884,0.0013848543,0
1304,-1.461184,-1.4554057,0.0057783127,0
1305,-1.6149919,-1.5835122,0.031479716,0
1306,-1.5483409,-1.5567982,0.008457303,0
1307,-1.4406734,-1.4451194,0.0044460297,0
1308,-2.1943362,-2.182789,0.011547089,0
1309,-1.4868139,-1.4803193,0.0064946413,0
1310,-2.5019522,-2.4974585,0.0044937134,0
1311,-2.276369,-2.2900603,0.013691187,0
1312,-2.5737321,-2.5767884,0.0030562878,0
1313,-2.2507296,-2.2900937,0.0393641,0
1314,-0.38451874,-0.37354952,0.010969222,0
1315,-2.1687016,-2.1537592,0.014942408,0
1316,-1.6047343,-1.5931586,0.011575699,0
1317,1.1479912e-06,-0.037605587,0.037606735,0
1318,-2.132814,-2.1214914,0.011322498,0
1319,1.1479912e-06,-0.02487899,0.024880137,0
1320,-0.93310434,-0.93424565,0.0011413097,0
1321,-1.5124533,-1.535939,0.02348566,0
1322,-1.538088,-1.5267988,0.01128912,0
1323,-0.63061726,-0.63124764,0.0006303787,0
1324,-2.6250014,-2.6241658,0.0008356571,0
1325,-1.4047859,-1.3877231,0.017062783,0
1326,-2.2507296,-2.246938,0.0037915707,0
1327,-2.36865,-2.3627045,0.005945444,0
1328,-2.5583503,-2.5721943,0.013844013,0
1329,-1.5073245,-1.4955721,0.011752367,0
1330,-2.3020036,-2.3080208,0.006017208,0
1331,1.1479912e-06,0.03827167,0.038270522,0
1332,-2.2250998,-2.2058165,0.019283295,0
1333,1.1479912e-06,-0.039277,0.039278146,0
1334,-0.65112305,-0.6332963,0.017826736,0
1335,-1.2099615,-1.17086,0.03910148,0
1336,-0.68701065,-0.6771445,0.009866118,0
1337,-2.5634792,-2.5577486,0.005730629,0
1338,1.1479912e-06,-0.024067163,0.02406831,0
1339,-2.358397,-2.3504174,0.007979631,0
1340,-1.6047343,-1.5891377,0.015596628,0
1341,-1.620116,-1.6067591,0.013356924,0
1342,-2.7531748,-2.7561116,0.00293684,0
1343,-1.399657,-1.3825418,0.017115235,0
1344,-2.3789077,-2.375111,0.0037965775,0
1345,-1.5124533,-1.4742067,0.03824663,0
1346,-2.3891606,-2.3872552,0.0019054413,0
1347,-1.5021956,-1.4866133,0.015582323,0
1348,-1.4099098,-1.3995711,0.010338783,0
1349,-2.2814932,-2.275242,0.0062510967,0
1350,-2.2968748,-2.3248448,0.027970076,0
1351,-0.7844252,-0.77356106,0.010864139,0
1352,-0.030762356,-0.052204162,0.021441806,0
1353,1.1479912e-06,-0.026292527,0.026293674,0
1354,-0.83569455,-0.82218474,0.01350981,0
1355,-0.6357413,-0.71086407,0.07512277,0
1356,-0.61010665,-0.6077141,0.0023925304,0
1357,-0.79467815,-0.778986,0.015692174,0
1358,-2.2045891,-2.1844797,0.020109415,0
1359,-0.68701065,-0.7069386,0.019927979,0
1360,-2.6147437,-2.6160855,0.0013418198,0
1361,-2.8095682,-2.8038375,0.005730629,0
1362,-0.72802705,-0.73186654,0.0038394928,0
1363,-2.286622,-2.288513,0.0018908978,0
1364,-2.589109,-2.5924184,0.0033094883,0
1365,-2.2609873,-2.2690244,0.00803709,0
1366,-1.3945329,-1.382155,0.012377977,0
1367,-2.4096665,-2.393912,0.015754461,0
1368,-0.7536617,-0.7479646,0.0056970716,0
1369,-2.5634792,-2.5500124,0.013466835,0
1370,-1.4252917,-1.4219536,0.0033380985,0
1371,-2.5993667,-2.5963295,0.0030372143,0
1372,-1.3945329,-1.3700826,0.024450302,0
1373,-2.4763174,-2.473266,0.0030515194,0
1374,-2.2712402,-2.268012,0.0032281876,0
1375,-1.4868139,-1.4552195,0.031594396,0
1376,-1.1279287,-1.1242373,0.0036914349,0
1377,-1.1638163,-1.1500295,0.013786793,0
1378,-2.6352544,-2.6337261,0.0015282631,0
1379,-1.630369,-1.6102499,0.020119071,0
1380,-2.3789077,-2.3728285,0.006079197,0
1381,-2.3532732,-2.387179,0.033905745,0
1382,-1.3278818,-1.3141716,0.01371026,0
1383,-0.7741723,-0.725477,0.048695326,0
1384,-2.7634275,-2.7515607,0.011866808,0
1385,-2.219971,-2.2113178,0.008653164,0
1386,-2.0302706,-1.9956056,0.03466499,0
1387,-2.650636,-2.6771064,0.026470423,0
1388,-0.046144105,-0.10542187,0.059277765,0
1389,-2.2968748,-2.2936897,0.0031850338,0
1390,-1.5278302,-1.5163405,0.011489749,0
1391,-1.69702,-1.7088106,0.011790514,0
1392,-0.85620034,-0.843383,0.012817323,0
1393,-0.7331559,-0.7211695,0.011986434,0
1394,1.1479912e-06,-0.026650686,0.026651833,0
1395,-0.1025375,-0.137661,0.035123497,0
1396,-0.6357413,-0.5947249,0.0410164,0
1397,-2.3020036,-2.2942674,0.007736206,0
1398,-1.4816898,-1.4405826,0.041107178,0
1399,-2.3020036,-2.2973907,0.0046129227,0
1400,-0.73827994,-0.7206012,0.017678738,0
1401,-0.8203128,-0.8124619,0.007850885,0
1402,-2.2968748,-2.3075433,0.010668516,0
1403,-0.061521083,-0.0778436,0.016322516,0
1404,-1.3432636,-1.3396008,0.0036628246,0
1405,-1.630369,-1.6118689,0.01850009,0
1406,-1.4816898,-1.4778694,0.0038204193,0
1407,-2.7839382,-2.7855713,0.0016331673,0
1408,-2.3122566,-2.3079731,0.004283428,0
1409,-1.4919428,-1.4833422,0.008600593,0
1410,-0.7126453,-0.74602574,0.03338045,0
1411,-2.2250998,-2.2147655,0.010334253,0
1412,-1.4201676,-1.4601573,0.03998971,0
1413,-1.4509263,-1.4622632,0.011336923,0
1414,-0.68701065,-0.7006589,0.013648272,0
1415,-2.3891606,-2.3842514,0.004909277,0
1416,-2.5788562,-2.5803747,0.0015184879,0
1417,-0.63061726,-0.66307604,0.032458782,0
1418,-1.2817366,-1.2762926,0.00544405,0
1419,-2.2712402,-2.2671907,0.0040495396,0
1420,-0.67675775,-0.6690454,0.007712364,0
1421,-0.020509446,-0.052084778,0.03157533,0
1422,-2.3225095,-2.3170702,0.0054392815,0
1423,-0.7844252,-0.7714694,0.012955785,0
1424,-1.476561,-1.4649041,0.01165688,0
1425,-1.8867203,-1.8712717,0.01544857,0
1426,-0.6716289,-0.70638466,0.034755766,0
1427,-2.3635259,-2.351912,0.011613846,0
1428,-0.6562519,-0.64690155,0.009350359,0
1429,-2.8300786,-2.8407805,0.010701895,0
1430,-2.230224,-2.213906,0.016317844,0
1431,-2.3122566,-2.3099787,0.002277851,0
1432,-17.108643,-17.132975,0.024332047,0
1433,-0.07177877,-0.10431874,0.03253997,0
1434,-2.5993667,-2.6151545,0.01578784,0
1435,-0.9125985,-0.83473945,0.077859044,0
1436,-2.6250014,-2.626716,0.001714468,0
1437,-14.729735,-14.74435,0.014615059,0
1438,-2.3532732,-2.349787,0.0034861565,0
1439,-2.2456055,-2.2362123,0.009393215,0
1440,-0.7536617,-0.7456485,0.008013189,0
1441,-1.4868139,-1.4788245,0.007989407,0
1442,-1.4201676,-1.4234102,0.003242612,0
1443,-2.7019055,-2.7052913,0.0033857822,0
1444,-2.7634275,-2.7695642,0.006136656,0
1445,-2.3891606,-2.3807416,0.008419037,0
1446,-0.7126453,-0.7054582,0.0071870685,0
1447,-2.3994136,-2.3938835,0.005530119,0
1448,-1.5175774,-1.5035853,0.013992071,0
1449,-1.543212,-1.5345924,0.008619666,0
1450,-2.36865,-2.363822,0.004827976,0
1451,-0.80493104,-0.7853278,0.019603252,0
1452,-1.4868139,-1.485004,0.0018099546,0
1453,-0.71777415,-0.7405292,0.022755027,0
1454,-1.3586406,-1.3532921,0.005348444,0
1455,-0.7792964,-0.8063016,0.027005196,0
1456,1.1479912e-06,0.017073411,0.017072264,0
1457,-2.4763174,-2.5282698,0.051952362,0
1458,-2.214842,-2.2037487,0.011093378,0
1459,15.842283,16.803001,0.96071815,1
1460,-2.4916992,-2.4914749,0.00022435188,0
1461,-2.7224112,-2.7571478,0.034736633,0
1462,-0.020509446,-0.057395086,0.03688564,0
1463,-2.2353528,-2.2914453,0.0560925,0
1464,-2.3020036,-2.292319,0.009684563,0
1465,-2.589109,-2.5756853,0.013423681,0
1466,-1.4458022,-1.4549615,0.009159327,0
1467,-0.7895493,-0.7844252,0.005124092,0
1468,-2.2968748,-2.2874196,0.009455204,0
1469,-1.5483409,-1.5314023,0.016938567,0
1470,-1.4919428,-1.5088478,0.01690507,0
1471,-2.6403832,-2.648172,0.007788658,0
1472,-2.1789546,-2.1784673,0.00048732758,0
1473,-1.5585938,-1.5511297,0.0074640512,0
1474,-2.3225095,-2.3188899,0.0036196709,0
1475,-2.4609358,-2.4607496,0.00018620491,0
1476,-2.748046,-2.7480984,5.2452087e-05,0
1477,-1.4406734,-1.4365952,0.00407815,0
1478,-2.583985,-2.592175,0.008189917,0
1479,-0.65112305,-0.6640264,0.012903333,0
1480,-2.4814463,-2.4720387,0.00940752,0
1481,-1.389404,-1.3770882,0.012315869,0
1482,-0.8100599,-0.80230933,0.007750571,0
1483,1.1479912e-06,-0.07310634,0.07310749,0
1484,-2.5634792,-2.5658813,0.0024020672,0
1485,-2.507081,-2.5062501,0.00083088875,0
1486,-10.325684,-10.363342,0.03765869,0
1487,-2.358397,-2.352423,0.0059740543,0
1488,-0.7844252,-0.7708725,0.013552725,0
1489,-0.76391464,-0.75445443,0.009460211,0
1490,1.1479912e-06,-0.025461597,0.025462745,0
1491,-0.5998537,-0.567839,0.032014668,0
1492,-0.6972683,-0.69939816,0.0021298528,0
1493,-0.051268175,-0.11086589,0.059597716,0
1494,1.1479912e-06,-0.031607613,0.03160876,0
1495,-0.5690902,-0.56380856,0.005281627,0
1496,-2.2404766,-2.2369285,0.0035481453,0
1497,-2.6096196,-2.608163,0.0014564991,0
1498,-1.6765141,-1.6481957,0.028318405,0
1499,-1.4919428,-1.482941,0.009001732,0
1500,-1.250978,-1.2410116,0.009966373,0
1501,-1.4355494,-1.3903592,0.045190215,0
1502,-2.2609873,-2.2574296,0.003557682,0
1503,-2.2814932,-2.302276,0.02078271,0
1504,-0.33325422,-0.35861188,0.025357664,0
1505,-2.219971,-2.2057447,0.014226198,0
1506,-1.5329591,-1.570542,0.037582874,0
1507,-2.6967766,-2.7000334,0.0032567978,0
1508,-1.620116,-1.6063101,0.013805866,0
1509,-0.61010665,-0.6007658,0.009340823,0
1510,-1.5585938,-1.5466264,0.011967301,0
1511,-1.4458022,-1.4317099,0.014092326,0
1512,-1.912355,-1.9216194,0.009264469,0
1513,-1.4304205,-1.4253346,0.005085945,0
1514,-1.476561,-1.465458,0.011102915,0
1515,-9.797606,-9.839465,0.041858673,0
1516,-1.4868139,-1.4698515,0.016962409,0
1517,-1.322753,-1.3232783,0.00052535534,0
1518,-2.650636,-2.6421022,0.008533716,0
1519,-0.7331559,-0.7461356,0.012979686,0
1520,-2.214842,-2.2035768,0.011265278,0
1521,-0.07177877,0.0016630074,0.07344177,0
1522,-0.6972683,-0.6528136,0.044454694,0
1523,-2.3173807,-2.325093,0.007712364,0
1524,-2.6147437,-2.6117973,0.0029463768,0
1525,-0.8408186,-0.83184075,0.00897783,0
1526,-1.3945329,-1.3860804,0.008452535,0
1527,-1.4047859,-1.4347376,0.029951692,0
1528,-2.430177,-2.4271734,0.0030035973,0
1529,-1.4150387,-1.4050102,0.0100284815,0
1530,-0.72802705,-0.71491843,0.013108611,0
1531,-2.1687016,-2.1594086,0.009293079,0
1532,-1.620116,-1.5980964,0.022019625,0
1533,-2.5224628,-2.5226204,0.00015759468,0
1534,-0.61010665,-0.6138649,0.0037582517,0
1535,-1.4201676,-1.4095374,0.010630131,0
1536,-2.0610342,-2.0490143,0.012019873,0
1537,-0.6049778,-0.6211905,0.016212702,0
1538,-2.2558584,-2.2447412,0.01111722,0
1539,-1.6149919,-1.6003839,0.014608026,0
1540,-2.425048,-2.4167914,0.008256674,0
1541,-1.476561,-1.4704579,0.006103039,0
1542,-2.430177,-2.424967,0.005209923,0
1543,-1.543212,-1.5818408,0.038628697,0
1544,-1.3791512,-1.3505892,0.028562069,0
1545,-0.035891198,-0.06757636,0.031685166,0
1546,-2.7634275,-2.7850652,0.021637678,0
1547,-1.5790997,-1.5729488,0.0061508417,0
1548,-1.4816898,-1.4677263,0.013963461,0
1549,-1.4868139,-1.4538585,0.032955408,0
1550,-2.5532215,-2.5484316,0.0047898293,0
1551,-1.4970716,-1.4792734,0.017798185,0
1552,-0.76391464,-0.76125467,0.0026599765,0
1553,-2.199465,-2.1950955,0.0043694973,0
1554,-1.5944813,-1.5845484,0.009932995,0
1555,-0.71777415,-0.7277023,0.009928167,0
1556,-2.7121582,-2.6993744,0.012783766,0
1557,-1.3381348,-1.318307,0.019827724,0
1558,-1.0458959,-1.1043665,0.058470607,0
1559,-2.3276384,-2.2997591,0.027879238,0
1560,-2.1789546,-2.1829085,0.0039539337,0
1561,-2.209718,-2.1996992,0.0100188255,0
1562,-2.6198726,-2.6398578,0.019985199,0
1563,-2.36865,-2.362208,0.00644207,0
1564,-1.6611325,-1.6543657,0.006766796,0
1565,-2.430177,-2.4312706,0.001093626,0
1566,-0.71777415,-0.8038995,0.086125374,0
1567,-1.3483877,-1.3427861,0.0056016445,0
1568,-1.4970716,-1.5357671,0.038695455,0
1569,-2.5122051,-2.5101516,0.0020534992,0
1570,-0.7741723,-0.7363029,0.037869394,0
1571,-0.5793479,-0.60784304,0.028495133,0
1572,-1.4663081,-1.4567763,0.009531856,0
1573,-0.087155744,-0.105440974,0.01828523,0
1574,-2.1687016,-2.1694179,0.0007162094,0
1575,-1.5175774,-1.478285,0.039292455,0
1576,-1.2304673,-1.2247463,0.005720973,0
1577,-0.61523545,-0.6021746,0.013060868,0
1578,-2.4660647,-2.458333,0.007731676,0
1579,-2.3942847,-2.3830528,0.011231899,0
1580,-1.4406734,-1.4337347,0.006938696,0
1581,-0.11279518,-0.13173942,0.018944241,0
1582,-0.020509446,-0.069577284,0.04906784,0
1583,-0.6665048,-0.7754951,0.10899031,1
1584,-0.5896008,-0.5941518,0.0045509934,0
1585,-2.7019055,-2.705248,0.0033426285,0
1586,-2.230224,-2.227922,0.0023019314,0
1587,1.1479912e-06,-0.022730034,0.022731181,0
1588,-2.3276384,-2.335198,0.007559538,0
1589,-2.5634792,-2.5651076,0.0016283989,0
1590,-0.73827994,-0.72174734,0.0165326,0
1591,-1.5175774,-1.5134275,0.004149914,0
1592,-1.4304205,-1.4275838,0.0028367043,0
1593,-1.5483409,-1.5401223,0.008218646,0
1594,-1.5175774,-1.5073006,0.010276794,0
1595,-0.025633514,-0.060728356,0.035094842,0
1596,-2.3327625,-2.3167884,0.015974045,0
1597,-1.4406734,-1.4122403,0.028433084,0
1598,-2.3789077,-2.3557801,0.023127556,0
1599,-1.4970716,-1.4906963,0.006375313,0
1600,1.1479912e-06,0.037402537,0.03740139,0
1601,-1.4099098,-1.3936256,0.016284227,0
1602,-1.4919428,-1.5005242,0.0085814,0
1603,-1.4304205,-1.4348999,0.0044794083,0
1604,-2.7890623,-2.7984412,0.00937891,0
1605,-0.71777415,-0.7062032,0.0115709305,0
1606,-2.717287,-2.7203243,0.0030372143,0
1607,-2.3020036,-2.3013446,0.00065898895,0
1608,-2.3276384,-2.3211677,0.0064706802,0
1609,-2.3840318,-2.3804166,0.003615141,0
1610,-2.4609358,-2.4590685,0.0018672943,0
1611,-0.70752126,-0.69752145,0.009999812,0
1612,-0.53320265,-0.5247549,0.008447766,0
1613,-2.3225095,-2.3145344,0.0079751015,0
1614,-0.7741723,-0.7725582,0.0016140938,0
1615,-2.3173807,-2.3078108,0.009569883,0
1616,-0.020509446,-0.035829116,0.01531967,0
1617,-1.5021956,-1.4908539,0.011341691,0
1618,-2.2353528,-2.2268763,0.008476496,0
1619,-0.056397017,-0.08247102,0.026074003,0
1620,-1.0561535,-1.0685267,0.012373209,0
1621,-1.6508795,-1.6060905,0.044788957,0
1622,-2.1584487,-2.1500392,0.0084095,0
1623,-1.4201676,-1.3882484,0.03191912,0
1624,-0.7126453,-0.6917097,0.020935595,0
1625,-1.3586406,-1.3721265,0.0134859085,0
1626,-2.3840318,-2.3758132,0.008218527,0
1627,-2.583985,-2.586922,0.00293684,0
1628,-1.553465,-1.5848111,0.031346083,0
1629,-2.36865,-2.3658326,0.0028173923,0
1630,1.1479912e-06,0.040220056,0.04021891,0
1631,-2.2917461,-2.2747216,0.017024517,0
1632,-1.256102,-1.2652661,0.009164095,0
1633,-0.67675775,-0.66742647,0.009331286,0
1634,-0.71777415,-0.727454,0.009679854,0
1635,-2.209718,-2.1924403,0.017277718,0
1636,-0.6716289,-0.66120887,0.010420024,0
1637,-2.2814932,-2.2719853,0.0095078945,0
1638,-0.65112305,-0.6621257,0.01100266,0
1639,-1.5175774,-1.5238333,0.006255865,0
1640,-1.6457506,-1.6321502,0.013600469,0
1641,-1.3278818,-1.3155229,0.012358904,0
1642,-1.3432636,-1.3294959,0.013767719,0
1643,-1.8713386,-1.8530772,0.018261433,0
1644,1.1479912e-06,0.040482707,0.04048156,0
1645,-0.70752126,-0.66745514,0.040066123,0
1646,-0.6049778,-0.5936743,0.011303484,0
1647,-0.68701065,-0.67682457,0.010186076,0
1648,-0.056397017,-0.08238506,0.025988046,0
1649,-2.219971,-2.218543,0.0014278889,0
1650,-1.5329591,-1.521646,0.011313081,0
1651,-2.3225095,-2.3191237,0.0033857822,0
1652,-2.7839382,-2.7835705,0.00036764145,0
1653,-0.061521083,-0.085083194,0.023562111,0
1654,-1.5124533,-1.5006006,0.011852741,0
1655,-0.62035954,-0.6272028,0.006843269,0
1656,-1.7021488,-1.6836201,0.0185287,0
1657,-2.148191,-2.1463382,0.0018527508,0
1658,-2.496828,-2.4915035,0.005324602,0
1659,-2.3942847,-2.3921978,0.0020868778,0
1660,-2.4763174,-2.478371,0.0020534992,0
1661,-1.538088,-1.5314883,0.0065996647,0
1662,-2.4865704,-2.488428,0.0018577576,0
1663,-0.76391464,-0.76688975,0.0029751062,0
1664,-0.6921395,-0.68724465,0.0048948526,0
1665,-1.5944813,-1.5815017,0.012979627,0
1666,-2.3378913,-2.3283355,0.009555817,0
1667,-0.61010665,-0.58589506,0.024211586,0
1668,-2.748046,-2.7519045,0.0038585663,0
1669,-2.517334,-2.5152328,0.002101183,0
1670,-0.72802705,-0.72796017,6.687641e-05,0
1671,-1.5278302,-1.5201705,0.007659793,0
1672,-1.476561,-1.4755725,0.0009884834,0
1673,-0.64087015,-0.6425129,0.0016427636,0
1674,-0.6357413,-0.6166872,0.019054115,0
1675,-2.660889,-2.6641603,0.0032713413,0
1676,-1.4816898,-1.4716756,0.010014176,0
1677,-2.3020036,-2.288809,0.013194561,0
1678,1.1479912e-06,-0.07504518,0.07504633,0
1679,-1.543212,-1.5116367,0.031575322,0
1680,-1.4970716,-1.496317,0.0007545948,0
1681,-0.82543683,-0.7973715,0.028065324,0
1682,-2.0764158,-2.091702,0.015286207,0
1683,-2.2661114,-2.245763,0.02034831,0
1684,-2.5737321,-2.6311188,0.057386637,0
1685,-0.7434088,-0.74032384,0.0030849576,0
1686,-2.3994136,-2.4021642,0.0027506351,0
1687,-0.5896008,-0.55417645,0.03542435,0
1688,-2.5993667,-2.598192,0.0011746883,0
1689,-1.4150387,-1.380345,0.034693718,0
1690,-1.6406267,-1.6233824,0.01724422,0
1691,-1.3945329,-1.3961948,0.0016618967,0
1692,-2.2609873,-2.252783,0.008204222,0
1693,-2.72754,-2.7164037,0.011136293,0
1694,-1.6508795,-1.6688496,0.017970085,0
1695,-2.2353528,-2.2266853,0.008667469,0
1696,-0.09228458,-0.1137646,0.021480016,0
1697,-2.2507296,-2.2271483,0.023581266,0
1698,-0.68701065,-0.6979321,0.010921478,0
1699,-0.73827994,-0.7019101,0.03636986,0
1700,-1.3278818,-1.2928681,0.035013676,0
1701,-1.4047859,-1.3710281,0.033757806,0
1702,-2.7839382,-2.7924433,0.008505106,0
1703,-2.2609873,-2.254784,0.0062031746,0
1704,-0.63061726,-0.6181772,0.012440085,0
